{"cameraMode":{"drawMode":0,"name":"Shaded","section":"Shading Mode"},"sceneLighting":true,"audioPlay":false,"sceneViewState":{"m_AlwaysRefresh":false,"showFog":true,"showSkybox":true,"showFlares":true,"showImageEffects":true,"showParticleSystems":true,"showVisualEffectGraphs":true,"m_FxEnabled":true},"in2DMode":false,"pivot":{"x":-28.11101722717285,"y":-0.6306394338607788,"z":72.6971435546875},"rotation":{"x":-0.15685154497623444,"y":-0.008953132666647435,"z":0.001353371306322515,"w":-0.9876473546028137},"size":2.8796565532684328,"orthographic":true}