{"cameraMode":{"drawMode":0,"name":"Shaded","section":"Shading Mode"},"sceneLighting":false,"audioPlay":false,"sceneViewState":{"m_AlwaysRefresh":false,"showFog":true,"showSkybox":false,"showFlares":true,"showImageEffects":true,"showParticleSystems":true,"showVisualEffectGraphs":true,"m_FxEnabled":true},"in2DMode":false,"pivot":{"x":52.026885986328128,"y":27.200653076171876,"z":91.04574584960938},"rotation":{"x":-0.15685154497623444,"y":-0.008953132666647435,"z":0.001353371306322515,"w":-0.9876473546028137},"size":609.0777587890625,"orthographic":true}